[
    {
        "_id": 1,
        "name": "jhon",
        "img": "https://cdn1.iconfinder.com/data/icons/business-startup-56/64/154-512.png",
        "rating": 4.7,
        "description": "Happy customer Clipart Free download! | View 1000 Happy customer illustration, images and graphics from +50000 possibilities."
    },
    {
        "_id": 2,
        "name": "jhon",
        "img": "https://cdn1.iconfinder.com/data/icons/business-startup-56/64/154-512.png",
        "rating": 4.7,
        "description": "Happy customer Clipart Free download! | View 1000 Happy customer illustration, images and graphics from +50000 possibilities."
    },
    {
        "_id": 3,
        "name": "jhon",
        "img": "https://cdn1.iconfinder.com/data/icons/business-startup-56/64/154-512.png",
        "rating": 4.7,
        "description": "Happy customer Clipart Free download! | View 1000 Happy customer illustration, images and graphics from +50000 possibilities."
    },
    {
        "_id": 4,
        "name": "jhon",
        "img": "https://cdn1.iconfinder.com/data/icons/business-startup-56/64/154-512.png",
        "rating": 4.7,
        "description": "Happy customer Clipart Free download! | View 1000 Happy customer illustration, images and graphics from +50000 possibilities."
    },
    {
        "_id": 5,
        "name": "jhon",
        "img": "https://cdn1.iconfinder.com/data/icons/business-startup-56/64/154-512.png",
        "rating": 4.7,
        "description": "Happy customer Clipart Free download! | View 1000 Happy customer illustration, images and graphics from +50000 possibilities."
    },
    {
        "_id": 6,
        "name": "jhon",
        "img": "https://cdn1.iconfinder.com/data/icons/business-startup-56/64/154-512.png",
        "rating": 4.7,
        "description": "Happy customer Clipart Free download! | View 1000 Happy customer illustration, images and graphics from +50000 possibilities."
    },
    {
        "_id": 7,
        "name": "jhon",
        "img": "https://cdn1.iconfinder.com/data/icons/business-startup-56/64/154-512.png",
        "rating": 4.7,
        "description": "Happy customer Clipart Free download! | View 1000 Happy customer illustration, images and graphics from +50000 possibilities."
    },
    {
        "_id": 8,
        "name": "jhon",
        "img": "https://cdn1.iconfinder.com/data/icons/business-startup-56/64/154-512.png",
        "rating": 4.7,
        "description": "Happy customer Clipart Free download! | View 1000 Happy customer illustration, images and graphics from +50000 possibilities."
    },
    {
        "_id": 9,
        "name": "jhon",
        "img": "https://cdn1.iconfinder.com/data/icons/business-startup-56/64/154-512.png",
        "rating": 4.7,
        "description": "Happy customer Clipart Free download! | View 1000 Happy customer illustration, images and graphics from +50000 possibilities."
    },
    {
        "_id": 10,
        "name": "jhon",
        "img": "https://cdn1.iconfinder.com/data/icons/business-startup-56/64/154-512.png",
        "rating": 4.7,
        "description": "Happy customer Clipart Free download! | View 1000 Happy customer illustration, images and graphics from +50000 possibilities."
    }
]